<?xml version="1.0" encoding="utf-8"?>
<!DOCTYPE Map[]>
<Map srs="+proj=merc +a=6378137 +b=6378137 +lat_ts=0.0 +lon_0=0.0 +x_0=0.0 +y_0=0.0 +k=1.0 +units=m +nadgrids=@null +wktext +no_defs +over" background-color="#333333">

<Parameters>
  <Parameter name="attribution"><![CDATA[<a href='https://www.mapbox.com/about/maps/' target='_blank'>&copy; Mapbox &copy; OpenStreetMap</a> <a class='mapbox-improve-map' href='https://www.mapbox.com/map-feedback/' target='_blank'>Improve this map</a>]]></Parameter>
  <Parameter name="bounds">-180,-85.0511,180,85.0511</Parameter>
  <Parameter name="center">-77.8635,40.7903,17</Parameter>
  <Parameter name="description"><![CDATA[The before and after of OpenStreetMap contributing.]]></Parameter>
  <Parameter name="format">png8:m=h</Parameter>
  <Parameter name="maxzoom">19</Parameter>
  <Parameter name="minzoom">5</Parameter>
  <Parameter name="name"><![CDATA[GEOG 467 Project 2]]></Parameter>
  <Parameter name="source"><![CDATA[mapbox:///mapbox.mapbox-streets-v5]]></Parameter>
</Parameters>


<Layer name="landuse"
  srs="+proj=merc +a=6378137 +b=6378137 +lat_ts=0.0 +lon_0=0.0 +x_0=0.0 +y_0=0.0 +k=1.0 +units=m +nadgrids=@null +wktext +no_defs +over">
      </Layer>

<Layer name="waterway"
  srs="+proj=merc +a=6378137 +b=6378137 +lat_ts=0.0 +lon_0=0.0 +x_0=0.0 +y_0=0.0 +k=1.0 +units=m +nadgrids=@null +wktext +no_defs +over">
      </Layer>

<Style name="water" filter-mode="first">
  <Rule>
    <PolygonSymbolizer fill="#222222" />
  </Rule>
</Style>
<Layer name="water"
  srs="+proj=merc +a=6378137 +b=6378137 +lat_ts=0.0 +lon_0=0.0 +x_0=0.0 +y_0=0.0 +k=1.0 +units=m +nadgrids=@null +wktext +no_defs +over">
    <StyleName>water</StyleName>  </Layer>

<Layer name="aeroway"
  srs="+proj=merc +a=6378137 +b=6378137 +lat_ts=0.0 +lon_0=0.0 +x_0=0.0 +y_0=0.0 +k=1.0 +units=m +nadgrids=@null +wktext +no_defs +over">
      </Layer>

<Layer name="barrier_line"
  srs="+proj=merc +a=6378137 +b=6378137 +lat_ts=0.0 +lon_0=0.0 +x_0=0.0 +y_0=0.0 +k=1.0 +units=m +nadgrids=@null +wktext +no_defs +over">
      </Layer>

<Style name="building" filter-mode="first">
  <Rule>
    <PolygonSymbolizer fill="#b46767" />
    <LineSymbolizer stroke-opacity="0.3" stroke="#fbd2d4" />
  </Rule>
</Style>
<Layer name="building"
  srs="+proj=merc +a=6378137 +b=6378137 +lat_ts=0.0 +lon_0=0.0 +x_0=0.0 +y_0=0.0 +k=1.0 +units=m +nadgrids=@null +wktext +no_defs +over">
    <StyleName>building</StyleName>  </Layer>

<Layer name="landuse_overlay"
  srs="+proj=merc +a=6378137 +b=6378137 +lat_ts=0.0 +lon_0=0.0 +x_0=0.0 +y_0=0.0 +k=1.0 +units=m +nadgrids=@null +wktext +no_defs +over">
      </Layer>

<Style name="tunnel" filter-mode="first" opacity="0.5">
  <Rule>
    <MaxScaleDenominator>12500</MaxScaleDenominator>
    <Filter>([mapnik::geometry_type] = 2) and ([class] = 'street')</Filter>
    <LineSymbolizer stroke-width="2" stroke="#555555" />
  </Rule>
  <Rule>
    <MaxScaleDenominator>50000</MaxScaleDenominator>
    <MinScaleDenominator>12500</MinScaleDenominator>
    <Filter>([mapnik::geometry_type] = 2) and ([class] = 'street')</Filter>
    <LineSymbolizer stroke-width="1" stroke="#555555" />
  </Rule>
  <Rule>
    <MinScaleDenominator>50000</MinScaleDenominator>
    <Filter>([mapnik::geometry_type] = 2) and ([class] = 'street')</Filter>
    <LineSymbolizer stroke="#555555" stroke-width="0.5" />
  </Rule>
  <Rule>
    <MaxScaleDenominator>12500</MaxScaleDenominator>
    <Filter>([mapnik::geometry_type] = 2) and ([class] = 'street_limited')</Filter>
    <LineSymbolizer stroke-width="2" stroke="#555555" />
  </Rule>
  <Rule>
    <MaxScaleDenominator>50000</MaxScaleDenominator>
    <MinScaleDenominator>12500</MinScaleDenominator>
    <Filter>([mapnik::geometry_type] = 2) and ([class] = 'street_limited')</Filter>
    <LineSymbolizer stroke-width="1" stroke="#555555" />
  </Rule>
  <Rule>
    <MinScaleDenominator>50000</MinScaleDenominator>
    <Filter>([mapnik::geometry_type] = 2) and ([class] = 'street_limited')</Filter>
    <LineSymbolizer stroke="#555555" stroke-width="0.5" />
  </Rule>
  <Rule>
    <MaxScaleDenominator>12500</MaxScaleDenominator>
    <Filter>([mapnik::geometry_type] = 2) and ([class] = 'main')</Filter>
    <LineSymbolizer stroke-width="5" stroke="#555555" />
  </Rule>
  <Rule>
    <MaxScaleDenominator>200000</MaxScaleDenominator>
    <MinScaleDenominator>12500</MinScaleDenominator>
    <Filter>([mapnik::geometry_type] = 2) and ([class] = 'main')</Filter>
    <LineSymbolizer stroke-width="2" stroke="#555555" />
  </Rule>
  <Rule>
    <MaxScaleDenominator>750000</MaxScaleDenominator>
    <MinScaleDenominator>200000</MinScaleDenominator>
    <Filter>([mapnik::geometry_type] = 2) and ([class] = 'main')</Filter>
    <LineSymbolizer stroke-width="1" stroke="#555555" />
  </Rule>
  <Rule>
    <MinScaleDenominator>750000</MinScaleDenominator>
    <Filter>([mapnik::geometry_type] = 2) and ([class] = 'main')</Filter>
    <LineSymbolizer stroke="#555555" stroke-width="0.5" />
  </Rule>
  <Rule>
    <MaxScaleDenominator>12500</MaxScaleDenominator>
    <Filter>([mapnik::geometry_type] = 2) and ([class] = 'motorway_link')</Filter>
    <LineSymbolizer stroke-width="5" stroke="#555555" />
  </Rule>
  <Rule>
    <MaxScaleDenominator>200000</MaxScaleDenominator>
    <MinScaleDenominator>12500</MinScaleDenominator>
    <Filter>([mapnik::geometry_type] = 2) and ([class] = 'motorway_link')</Filter>
    <LineSymbolizer stroke-width="2" stroke="#555555" />
  </Rule>
  <Rule>
    <MaxScaleDenominator>750000</MaxScaleDenominator>
    <MinScaleDenominator>200000</MinScaleDenominator>
    <Filter>([mapnik::geometry_type] = 2) and ([class] = 'motorway_link')</Filter>
    <LineSymbolizer stroke-width="1" stroke="#555555" />
  </Rule>
  <Rule>
    <MinScaleDenominator>750000</MinScaleDenominator>
    <Filter>([mapnik::geometry_type] = 2) and ([class] = 'motorway_link')</Filter>
    <LineSymbolizer stroke="#555555" stroke-width="0.5" />
  </Rule>
  <Rule>
    <MaxScaleDenominator>12500</MaxScaleDenominator>
    <Filter>([mapnik::geometry_type] = 2) and ([class] = 'motorway')</Filter>
    <LineSymbolizer stroke-width="5" stroke="#555555" />
  </Rule>
  <Rule>
    <MaxScaleDenominator>200000</MaxScaleDenominator>
    <MinScaleDenominator>12500</MinScaleDenominator>
    <Filter>([mapnik::geometry_type] = 2) and ([class] = 'motorway')</Filter>
    <LineSymbolizer stroke-width="2" stroke="#555555" />
  </Rule>
  <Rule>
    <MaxScaleDenominator>750000</MaxScaleDenominator>
    <MinScaleDenominator>200000</MinScaleDenominator>
    <Filter>([mapnik::geometry_type] = 2) and ([class] = 'motorway')</Filter>
    <LineSymbolizer stroke-width="1" stroke="#555555" />
  </Rule>
  <Rule>
    <MinScaleDenominator>750000</MinScaleDenominator>
    <Filter>([mapnik::geometry_type] = 2) and ([class] = 'motorway')</Filter>
    <LineSymbolizer stroke="#555555" stroke-width="0.5" />
  </Rule>
  <Rule>
    <Filter>([mapnik::geometry_type] = 2) and ([class] = 'path')</Filter>
    <LineSymbolizer stroke-dasharray="1, 2" stroke="#555555" stroke-width="0.5" />
  </Rule>
  <Rule>
    <Filter>([mapnik::geometry_type] = 2)</Filter>
    <LineSymbolizer stroke="#555555" stroke-width="0.5" />
  </Rule>
</Style>
<Layer name="tunnel"
  srs="+proj=merc +a=6378137 +b=6378137 +lat_ts=0.0 +lon_0=0.0 +x_0=0.0 +y_0=0.0 +k=1.0 +units=m +nadgrids=@null +wktext +no_defs +over">
    <StyleName>tunnel</StyleName>  </Layer>

<Style name="road" filter-mode="first">
  <Rule>
    <MaxScaleDenominator>12500</MaxScaleDenominator>
    <Filter>([mapnik::geometry_type] = 2) and ([class] = 'street_limited')</Filter>
    <LineSymbolizer stroke-width="2" stroke="#555555" />
  </Rule>
  <Rule>
    <MaxScaleDenominator>50000</MaxScaleDenominator>
    <MinScaleDenominator>12500</MinScaleDenominator>
    <Filter>([mapnik::geometry_type] = 2) and ([class] = 'street_limited')</Filter>
    <LineSymbolizer stroke-width="1" stroke="#555555" />
  </Rule>
  <Rule>
    <MinScaleDenominator>50000</MinScaleDenominator>
    <Filter>([mapnik::geometry_type] = 2) and ([class] = 'street_limited')</Filter>
    <LineSymbolizer stroke="#555555" stroke-width="0.5" />
  </Rule>
  <Rule>
    <MaxScaleDenominator>12500</MaxScaleDenominator>
    <Filter>([mapnik::geometry_type] = 2) and ([class] = 'street')</Filter>
    <LineSymbolizer stroke-width="2" stroke="#555555" />
  </Rule>
  <Rule>
    <MaxScaleDenominator>50000</MaxScaleDenominator>
    <MinScaleDenominator>12500</MinScaleDenominator>
    <Filter>([mapnik::geometry_type] = 2) and ([class] = 'street')</Filter>
    <LineSymbolizer stroke-width="1" stroke="#555555" />
  </Rule>
  <Rule>
    <MinScaleDenominator>50000</MinScaleDenominator>
    <Filter>([mapnik::geometry_type] = 2) and ([class] = 'street')</Filter>
    <LineSymbolizer stroke="#555555" stroke-width="0.5" />
  </Rule>
  <Rule>
    <MaxScaleDenominator>12500</MaxScaleDenominator>
    <Filter>([mapnik::geometry_type] = 2) and ([class] = 'main')</Filter>
    <LineSymbolizer stroke-width="5" stroke="#555555" />
  </Rule>
  <Rule>
    <MaxScaleDenominator>200000</MaxScaleDenominator>
    <MinScaleDenominator>12500</MinScaleDenominator>
    <Filter>([mapnik::geometry_type] = 2) and ([class] = 'main')</Filter>
    <LineSymbolizer stroke-width="2" stroke="#555555" />
  </Rule>
  <Rule>
    <MaxScaleDenominator>750000</MaxScaleDenominator>
    <MinScaleDenominator>200000</MinScaleDenominator>
    <Filter>([mapnik::geometry_type] = 2) and ([class] = 'main')</Filter>
    <LineSymbolizer stroke-width="1" stroke="#555555" />
  </Rule>
  <Rule>
    <MinScaleDenominator>750000</MinScaleDenominator>
    <Filter>([mapnik::geometry_type] = 2) and ([class] = 'main')</Filter>
    <LineSymbolizer stroke="#555555" stroke-width="0.5" />
  </Rule>
  <Rule>
    <MaxScaleDenominator>12500</MaxScaleDenominator>
    <Filter>([mapnik::geometry_type] = 2) and ([class] = 'motorway_link')</Filter>
    <LineSymbolizer stroke-width="5" stroke="#555555" />
  </Rule>
  <Rule>
    <MaxScaleDenominator>200000</MaxScaleDenominator>
    <MinScaleDenominator>12500</MinScaleDenominator>
    <Filter>([mapnik::geometry_type] = 2) and ([class] = 'motorway_link')</Filter>
    <LineSymbolizer stroke-width="2" stroke="#555555" />
  </Rule>
  <Rule>
    <MaxScaleDenominator>750000</MaxScaleDenominator>
    <MinScaleDenominator>200000</MinScaleDenominator>
    <Filter>([mapnik::geometry_type] = 2) and ([class] = 'motorway_link')</Filter>
    <LineSymbolizer stroke-width="1" stroke="#555555" />
  </Rule>
  <Rule>
    <MinScaleDenominator>750000</MinScaleDenominator>
    <Filter>([mapnik::geometry_type] = 2) and ([class] = 'motorway_link')</Filter>
    <LineSymbolizer stroke="#555555" stroke-width="0.5" />
  </Rule>
  <Rule>
    <MaxScaleDenominator>12500</MaxScaleDenominator>
    <Filter>([mapnik::geometry_type] = 2) and ([class] = 'motorway')</Filter>
    <LineSymbolizer stroke-width="5" stroke="#555555" />
  </Rule>
  <Rule>
    <MaxScaleDenominator>200000</MaxScaleDenominator>
    <MinScaleDenominator>12500</MinScaleDenominator>
    <Filter>([mapnik::geometry_type] = 2) and ([class] = 'motorway')</Filter>
    <LineSymbolizer stroke-width="2" stroke="#555555" />
  </Rule>
  <Rule>
    <MaxScaleDenominator>750000</MaxScaleDenominator>
    <MinScaleDenominator>200000</MinScaleDenominator>
    <Filter>([mapnik::geometry_type] = 2) and ([class] = 'motorway')</Filter>
    <LineSymbolizer stroke-width="1" stroke="#555555" />
  </Rule>
  <Rule>
    <MinScaleDenominator>750000</MinScaleDenominator>
    <Filter>([mapnik::geometry_type] = 2) and ([class] = 'motorway')</Filter>
    <LineSymbolizer stroke="#555555" stroke-width="0.5" />
  </Rule>
  <Rule>
    <Filter>([mapnik::geometry_type] = 2) and ([class] = 'path')</Filter>
    <LineSymbolizer stroke-dasharray="1, 2" stroke="#555555" stroke-width="0.5" />
  </Rule>
  <Rule>
    <Filter>([mapnik::geometry_type] = 2)</Filter>
    <LineSymbolizer stroke="#555555" stroke-width="0.5" />
  </Rule>
</Style>
<Layer name="road"
  srs="+proj=merc +a=6378137 +b=6378137 +lat_ts=0.0 +lon_0=0.0 +x_0=0.0 +y_0=0.0 +k=1.0 +units=m +nadgrids=@null +wktext +no_defs +over">
    <StyleName>road</StyleName>  </Layer>

<Style name="bridge" filter-mode="first">
  <Rule>
    <MaxScaleDenominator>12500</MaxScaleDenominator>
    <Filter>([mapnik::geometry_type] = 2) and ([class] = 'street')</Filter>
    <LineSymbolizer stroke-width="2" stroke="#555555" />
  </Rule>
  <Rule>
    <MaxScaleDenominator>50000</MaxScaleDenominator>
    <MinScaleDenominator>12500</MinScaleDenominator>
    <Filter>([mapnik::geometry_type] = 2) and ([class] = 'street')</Filter>
    <LineSymbolizer stroke-width="1" stroke="#555555" />
  </Rule>
  <Rule>
    <MinScaleDenominator>50000</MinScaleDenominator>
    <Filter>([mapnik::geometry_type] = 2) and ([class] = 'street')</Filter>
    <LineSymbolizer stroke="#555555" stroke-width="0.5" />
  </Rule>
  <Rule>
    <MaxScaleDenominator>12500</MaxScaleDenominator>
    <Filter>([mapnik::geometry_type] = 2) and ([class] = 'street_limited')</Filter>
    <LineSymbolizer stroke-width="2" stroke="#555555" />
  </Rule>
  <Rule>
    <MaxScaleDenominator>50000</MaxScaleDenominator>
    <MinScaleDenominator>12500</MinScaleDenominator>
    <Filter>([mapnik::geometry_type] = 2) and ([class] = 'street_limited')</Filter>
    <LineSymbolizer stroke-width="1" stroke="#555555" />
  </Rule>
  <Rule>
    <MinScaleDenominator>50000</MinScaleDenominator>
    <Filter>([mapnik::geometry_type] = 2) and ([class] = 'street_limited')</Filter>
    <LineSymbolizer stroke="#555555" stroke-width="0.5" />
  </Rule>
  <Rule>
    <MaxScaleDenominator>12500</MaxScaleDenominator>
    <Filter>([mapnik::geometry_type] = 2) and ([class] = 'motorway')</Filter>
    <LineSymbolizer stroke-width="5" stroke="#555555" />
  </Rule>
  <Rule>
    <MaxScaleDenominator>200000</MaxScaleDenominator>
    <MinScaleDenominator>12500</MinScaleDenominator>
    <Filter>([mapnik::geometry_type] = 2) and ([class] = 'motorway')</Filter>
    <LineSymbolizer stroke-width="2" stroke="#555555" />
  </Rule>
  <Rule>
    <MaxScaleDenominator>750000</MaxScaleDenominator>
    <MinScaleDenominator>200000</MinScaleDenominator>
    <Filter>([mapnik::geometry_type] = 2) and ([class] = 'motorway')</Filter>
    <LineSymbolizer stroke-width="1" stroke="#555555" />
  </Rule>
  <Rule>
    <MinScaleDenominator>750000</MinScaleDenominator>
    <Filter>([mapnik::geometry_type] = 2) and ([class] = 'motorway')</Filter>
    <LineSymbolizer stroke="#555555" stroke-width="0.5" />
  </Rule>
  <Rule>
    <MaxScaleDenominator>12500</MaxScaleDenominator>
    <Filter>([mapnik::geometry_type] = 2) and ([class] = 'main')</Filter>
    <LineSymbolizer stroke-width="5" stroke="#555555" />
  </Rule>
  <Rule>
    <MaxScaleDenominator>200000</MaxScaleDenominator>
    <MinScaleDenominator>12500</MinScaleDenominator>
    <Filter>([mapnik::geometry_type] = 2) and ([class] = 'main')</Filter>
    <LineSymbolizer stroke-width="2" stroke="#555555" />
  </Rule>
  <Rule>
    <MaxScaleDenominator>750000</MaxScaleDenominator>
    <MinScaleDenominator>200000</MinScaleDenominator>
    <Filter>([mapnik::geometry_type] = 2) and ([class] = 'main')</Filter>
    <LineSymbolizer stroke-width="1" stroke="#555555" />
  </Rule>
  <Rule>
    <MinScaleDenominator>750000</MinScaleDenominator>
    <Filter>([mapnik::geometry_type] = 2) and ([class] = 'main')</Filter>
    <LineSymbolizer stroke="#555555" stroke-width="0.5" />
  </Rule>
  <Rule>
    <MaxScaleDenominator>12500</MaxScaleDenominator>
    <Filter>([mapnik::geometry_type] = 2) and ([class] = 'motorway_link')</Filter>
    <LineSymbolizer stroke-width="5" stroke="#555555" />
  </Rule>
  <Rule>
    <MaxScaleDenominator>200000</MaxScaleDenominator>
    <MinScaleDenominator>12500</MinScaleDenominator>
    <Filter>([mapnik::geometry_type] = 2) and ([class] = 'motorway_link')</Filter>
    <LineSymbolizer stroke-width="2" stroke="#555555" />
  </Rule>
  <Rule>
    <MaxScaleDenominator>750000</MaxScaleDenominator>
    <MinScaleDenominator>200000</MinScaleDenominator>
    <Filter>([mapnik::geometry_type] = 2) and ([class] = 'motorway_link')</Filter>
    <LineSymbolizer stroke-width="1" stroke="#555555" />
  </Rule>
  <Rule>
    <MinScaleDenominator>750000</MinScaleDenominator>
    <Filter>([mapnik::geometry_type] = 2) and ([class] = 'motorway_link')</Filter>
    <LineSymbolizer stroke="#555555" stroke-width="0.5" />
  </Rule>
  <Rule>
    <Filter>([mapnik::geometry_type] = 2) and ([class] = 'path')</Filter>
    <LineSymbolizer stroke-dasharray="1, 2" stroke="#555555" stroke-width="0.5" />
  </Rule>
  <Rule>
    <Filter>([mapnik::geometry_type] = 2)</Filter>
    <LineSymbolizer stroke="#555555" stroke-width="0.5" />
  </Rule>
</Style>
<Layer name="bridge"
  group-by="layer"
  srs="+proj=merc +a=6378137 +b=6378137 +lat_ts=0.0 +lon_0=0.0 +x_0=0.0 +y_0=0.0 +k=1.0 +units=m +nadgrids=@null +wktext +no_defs +over">
    <StyleName>bridge</StyleName>  </Layer>

<Style name="admin" filter-mode="first">
  <Rule>
    <MaxScaleDenominator>3000000</MaxScaleDenominator>
    <Filter>([admin_level] = 2) and ([maritime] = 0) and ([disputed] = 1)</Filter>
    <LineSymbolizer stroke-dasharray="4, 4" stroke-width="4" stroke-linejoin="round" stroke="#cccccc" />
  </Rule>
  <Rule>
    <MaxScaleDenominator>12500000</MaxScaleDenominator>
    <MinScaleDenominator>3000000</MinScaleDenominator>
    <Filter>([admin_level] = 2) and ([maritime] = 0) and ([disputed] = 1)</Filter>
    <LineSymbolizer stroke-dasharray="4, 4" stroke-width="2" stroke-linejoin="round" stroke="#cccccc" />
  </Rule>
  <Rule>
    <MinScaleDenominator>12500000</MinScaleDenominator>
    <Filter>([admin_level] = 2) and ([maritime] = 0) and ([disputed] = 1)</Filter>
    <LineSymbolizer stroke-dasharray="4, 4" stroke-linejoin="round" stroke="#cccccc" stroke-width="1" />
  </Rule>
  <Rule>
    <MaxScaleDenominator>3000000</MaxScaleDenominator>
    <Filter>([admin_level] = 2) and ([maritime] = 0)</Filter>
    <LineSymbolizer stroke-width="4" stroke-linejoin="round" stroke="#cccccc" />
  </Rule>
  <Rule>
    <MaxScaleDenominator>12500000</MaxScaleDenominator>
    <MinScaleDenominator>3000000</MinScaleDenominator>
    <Filter>([admin_level] = 2) and ([maritime] = 0)</Filter>
    <LineSymbolizer stroke-width="2" stroke-linejoin="round" stroke="#cccccc" />
  </Rule>
  <Rule>
    <MinScaleDenominator>12500000</MinScaleDenominator>
    <Filter>([admin_level] = 2) and ([maritime] = 0)</Filter>
    <LineSymbolizer stroke-linejoin="round" stroke="#cccccc" stroke-width="1" />
  </Rule>
</Style>
<Layer name="admin"
  srs="+proj=merc +a=6378137 +b=6378137 +lat_ts=0.0 +lon_0=0.0 +x_0=0.0 +y_0=0.0 +k=1.0 +units=m +nadgrids=@null +wktext +no_defs +over">
    <StyleName>admin</StyleName>  </Layer>

<Style name="country_label_line" filter-mode="first">
  <Rule>
    <LineSymbolizer stroke="rgba(102, 102, 170, 0.25)" />
  </Rule>
</Style>
<Layer name="country_label_line"
  srs="+proj=merc +a=6378137 +b=6378137 +lat_ts=0.0 +lon_0=0.0 +x_0=0.0 +y_0=0.0 +k=1.0 +units=m +nadgrids=@null +wktext +no_defs +over">
    <StyleName>country_label_line</StyleName>  </Layer>

<Style name="country_label" filter-mode="first">
  <Rule>
    <MaxScaleDenominator>50000000</MaxScaleDenominator>
    <Filter>([scalerank] = 1)</Filter>
    <TextSymbolizer size="16" face-name="Source Sans Pro Semibold" fill="#eeeeee" ><![CDATA[[name_en]]]></TextSymbolizer>
  </Rule>
  <Rule>
    <MaxScaleDenominator>100000000</MaxScaleDenominator>
    <MinScaleDenominator>50000000</MinScaleDenominator>
    <Filter>([scalerank] = 1)</Filter>
    <TextSymbolizer size="14" face-name="Source Sans Pro Semibold" fill="#eeeeee" ><![CDATA[[name_en]]]></TextSymbolizer>
  </Rule>
  <Rule>
    <MaxScaleDenominator>25000000</MaxScaleDenominator>
    <Filter>([scalerank] = 2)</Filter>
    <TextSymbolizer size="16" face-name="Source Sans Pro Semibold" fill="#eeeeee" ><![CDATA[[name_en]]]></TextSymbolizer>
  </Rule>
  <Rule>
    <MaxScaleDenominator>50000000</MaxScaleDenominator>
    <MinScaleDenominator>25000000</MinScaleDenominator>
    <Filter>([scalerank] = 2)</Filter>
    <TextSymbolizer size="14" face-name="Source Sans Pro Semibold" fill="#eeeeee" ><![CDATA[[name_en]]]></TextSymbolizer>
  </Rule>
  <Rule>
    <MaxScaleDenominator>100000000</MaxScaleDenominator>
    <MinScaleDenominator>50000000</MinScaleDenominator>
    <Filter>([scalerank] = 2)</Filter>
    <TextSymbolizer face-name="Source Sans Pro Semibold" fill="#eeeeee" size="12" ><![CDATA[[name_en]]]></TextSymbolizer>
  </Rule>
  <Rule>
    <MaxScaleDenominator>12500000</MaxScaleDenominator>
    <Filter>([scalerank] = 3)</Filter>
    <TextSymbolizer size="16" face-name="Source Sans Pro Semibold" fill="#eeeeee" ><![CDATA[[name_en]]]></TextSymbolizer>
  </Rule>
  <Rule>
    <MaxScaleDenominator>25000000</MaxScaleDenominator>
    <MinScaleDenominator>12500000</MinScaleDenominator>
    <Filter>([scalerank] = 3)</Filter>
    <TextSymbolizer size="14" face-name="Source Sans Pro Semibold" fill="#eeeeee" ><![CDATA[[name_en]]]></TextSymbolizer>
  </Rule>
  <Rule>
    <MaxScaleDenominator>100000000</MaxScaleDenominator>
    <MinScaleDenominator>25000000</MinScaleDenominator>
    <Filter>([scalerank] = 3)</Filter>
    <TextSymbolizer face-name="Source Sans Pro Semibold" fill="#eeeeee" size="12" ><![CDATA[[name_en]]]></TextSymbolizer>
  </Rule>
  <Rule>
    <MaxScaleDenominator>6500000</MaxScaleDenominator>
    <Filter>([scalerank] &gt; 3)</Filter>
    <TextSymbolizer size="16" face-name="Source Sans Pro Semibold" fill="#eeeeee" ><![CDATA[[name_en]]]></TextSymbolizer>
  </Rule>
  <Rule>
    <MaxScaleDenominator>12500000</MaxScaleDenominator>
    <MinScaleDenominator>6500000</MinScaleDenominator>
    <Filter>([scalerank] &gt; 3)</Filter>
    <TextSymbolizer size="14" face-name="Source Sans Pro Semibold" fill="#eeeeee" ><![CDATA[[name_en]]]></TextSymbolizer>
  </Rule>
  <Rule>
    <MaxScaleDenominator>100000000</MaxScaleDenominator>
    <MinScaleDenominator>12500000</MinScaleDenominator>
    <Filter>([scalerank] &gt; 3)</Filter>
    <TextSymbolizer face-name="Source Sans Pro Semibold" fill="#eeeeee" size="12" ><![CDATA[[name_en]]]></TextSymbolizer>
  </Rule>
  <Rule>
    <MaxScaleDenominator>100000000</MaxScaleDenominator>
    <TextSymbolizer face-name="Source Sans Pro Semibold" fill="#eeeeee" size="12" ><![CDATA[[name_en]]]></TextSymbolizer>
  </Rule>
</Style>
<Layer name="country_label"
  srs="+proj=merc +a=6378137 +b=6378137 +lat_ts=0.0 +lon_0=0.0 +x_0=0.0 +y_0=0.0 +k=1.0 +units=m +nadgrids=@null +wktext +no_defs +over">
    <StyleName>country_label</StyleName>  </Layer>

<Layer name="marine_label"
  srs="+proj=merc +a=6378137 +b=6378137 +lat_ts=0.0 +lon_0=0.0 +x_0=0.0 +y_0=0.0 +k=1.0 +units=m +nadgrids=@null +wktext +no_defs +over">
      </Layer>

<Layer name="state_label"
  srs="+proj=merc +a=6378137 +b=6378137 +lat_ts=0.0 +lon_0=0.0 +x_0=0.0 +y_0=0.0 +k=1.0 +units=m +nadgrids=@null +wktext +no_defs +over">
      </Layer>

<Style name="place_label" filter-mode="first">
  <Rule>
    <MaxScaleDenominator>200000</MaxScaleDenominator>
    <MinScaleDenominator>25000</MinScaleDenominator>
    <Filter>([localrank] &lt;= 2) and ([type] = 'town')</Filter>
    <TextSymbolizer size="20" face-name="Source Sans Pro Regular" fill="#ffffff" ><![CDATA[[name_en]]]></TextSymbolizer>
  </Rule>
  <Rule>
    <MaxScaleDenominator>750000</MaxScaleDenominator>
    <MinScaleDenominator>200000</MinScaleDenominator>
    <Filter>([localrank] &lt;= 2) and ([type] = 'town')</Filter>
    <TextSymbolizer size="16" face-name="Source Sans Pro Regular" fill="#ffffff" ><![CDATA[[name_en]]]></TextSymbolizer>
  </Rule>
  <Rule>
    <MinScaleDenominator>750000</MinScaleDenominator>
    <Filter>([localrank] &lt;= 2) and ([type] = 'town')</Filter>
    <TextSymbolizer face-name="Source Sans Pro Regular" fill="#ffffff" size="14" ><![CDATA[[name_en]]]></TextSymbolizer>
  </Rule>
  <Rule>
    <MaxScaleDenominator>200000</MaxScaleDenominator>
    <MinScaleDenominator>12500</MinScaleDenominator>
    <Filter>([localrank] &lt;= 2) and ([type] = 'city')</Filter>
    <TextSymbolizer size="24" face-name="Source Sans Pro Semibold" fill="#ffffff" ><![CDATA[[name_en]]]></TextSymbolizer>
  </Rule>
  <Rule>
    <MaxScaleDenominator>750000</MaxScaleDenominator>
    <MinScaleDenominator>200000</MinScaleDenominator>
    <Filter>([localrank] &lt;= 2) and ([type] = 'city')</Filter>
    <TextSymbolizer size="18" face-name="Source Sans Pro Semibold" fill="#ffffff" ><![CDATA[[name_en]]]></TextSymbolizer>
  </Rule>
  <Rule>
    <MinScaleDenominator>750000</MinScaleDenominator>
    <Filter>([localrank] &lt;= 2) and ([type] = 'city')</Filter>
    <TextSymbolizer face-name="Source Sans Pro Semibold" fill="#ffffff" size="16" ><![CDATA[[name_en]]]></TextSymbolizer>
  </Rule>
  <Rule>
    <MinScaleDenominator>25000</MinScaleDenominator>
    <Filter>([localrank] &lt;= 2) and ([type] = 'village')</Filter>
    <TextSymbolizer face-name="Source Sans Pro Regular" fill="#ffffff" size="12" ><![CDATA[[name_en]]]></TextSymbolizer>
  </Rule>
</Style>
<Layer name="place_label"
  srs="+proj=merc +a=6378137 +b=6378137 +lat_ts=0.0 +lon_0=0.0 +x_0=0.0 +y_0=0.0 +k=1.0 +units=m +nadgrids=@null +wktext +no_defs +over">
    <StyleName>place_label</StyleName>  </Layer>

<Layer name="water_label"
  srs="+proj=merc +a=6378137 +b=6378137 +lat_ts=0.0 +lon_0=0.0 +x_0=0.0 +y_0=0.0 +k=1.0 +units=m +nadgrids=@null +wktext +no_defs +over">
      </Layer>

<Layer name="poi_label"
  srs="+proj=merc +a=6378137 +b=6378137 +lat_ts=0.0 +lon_0=0.0 +x_0=0.0 +y_0=0.0 +k=1.0 +units=m +nadgrids=@null +wktext +no_defs +over">
      </Layer>

<Style name="road_label" filter-mode="first">
  <Rule>
    <MaxScaleDenominator>5000</MaxScaleDenominator>
    <Filter>([class] = 'street')</Filter>
    <TextSymbolizer face-name="Clan Offc Pro Narrow News" placement="line" text-transform="uppercase" size="12" fill="#aaaaaa" halo-opacity="0.5" halo-fill="#333333" halo-radius="3" avoid-edges="true" ><![CDATA[[name]]]></TextSymbolizer>
  </Rule>
  <Rule>
    <MaxScaleDenominator>5000</MaxScaleDenominator>
    <Filter>([class] = 'main')</Filter>
    <TextSymbolizer face-name="Clan Offc Pro Narrow News" placement="line" text-transform="uppercase" size="12" fill="#aaaaaa" halo-opacity="0.5" halo-fill="#333333" halo-radius="3" avoid-edges="true" ><![CDATA[[name]]]></TextSymbolizer>
  </Rule>
</Style>
<Layer name="road_label"
  srs="+proj=merc +a=6378137 +b=6378137 +lat_ts=0.0 +lon_0=0.0 +x_0=0.0 +y_0=0.0 +k=1.0 +units=m +nadgrids=@null +wktext +no_defs +over">
    <StyleName>road_label</StyleName>  </Layer>

<Layer name="waterway_label"
  srs="+proj=merc +a=6378137 +b=6378137 +lat_ts=0.0 +lon_0=0.0 +x_0=0.0 +y_0=0.0 +k=1.0 +units=m +nadgrids=@null +wktext +no_defs +over">
      </Layer>

<Style name="housenum_label" filter-mode="first">
  <Rule>
    <TextSymbolizer face-name="Clan Offc Pro Medium" size="10" fill="#ffffff" halo-opacity="0.5" halo-fill="#333333" halo-radius="2" ><![CDATA[[house_num]]]></TextSymbolizer>
  </Rule>
</Style>
<Layer name="housenum_label"
  srs="+proj=merc +a=6378137 +b=6378137 +lat_ts=0.0 +lon_0=0.0 +x_0=0.0 +y_0=0.0 +k=1.0 +units=m +nadgrids=@null +wktext +no_defs +over">
    <StyleName>housenum_label</StyleName>  </Layer>

</Map>